{
  "accuracy": 0.8403,
  "dice": 0.0,
  "sensitivity": 0.8442,
  "specificity": 0.9466,
  "precision": 0.8379,
  "recall": 0.8442,
  "f1": 0.8383,
  "avg_inference_time_s": 0.0,
  "confusion_matrix": [
    [
      301,
      50,
      9,
      7
    ],
    [
      52,
      241,
      27,
      55
    ],
    [
      3,
      10,
      328,
      2
    ],
    [
      5,
      9,
      1,
      340
    ]
  ],
  "per_class": {
    "precision": [
      0.8337950138504155,
      0.7774193548387097,
      0.8986301369863013,
      0.8415841584158416
    ],
    "recall": [
      0.8201634877384196,
      0.6426666666666667,
      0.956268221574344,
      0.9577464788732394
    ],
    "f1": [
      0.8269230769230769,
      0.7036496350364964,
      0.9265536723163842,
      0.895915678524374
    ],
    "specificity": [
      0.9440820130475303,
      0.9352112676056338,
      0.9662716499544212,
      0.9410138248847926
    ]
  }
}